name,price,stock
"2021 Toyota, Tundra ,SR5 CrewMax 5.5' Bed 5.7L",,MX039987
"2021 Toyota, Camry ,LE"," $27,699",MU042067
"2021 Toyota, Rav4 Hybrid ,xle",,MU032240
"2021 Toyota, Sienna ,XLE",,MS069809
"2021 Toyota, Tundra ,SR Double Cab 6.5' Bed 5.7L",,MX293758
"2021 Toyota, Venza ,Limited",,MJ066785
"2021 Toyota, Sienna ,XSE",,MS039203
"2021 Toyota, 4Runner ,Nightshade",,M5956770
"2021 Toyota, Highlander ,XSE",,MS151154
"2021 Toyota, C-HR ,XLE",,MR132223
"2021 Toyota, Highlander ,XLE",,MS147409
"2021 Toyota, Rav4 Hybrid ,limited",,MU051341
"2021 Toyota, Tacoma ,SR Double Cab 5' Bed V6 AT",,MT045160
"2021 Toyota, Avalon ,Limited"," $44,969",MU002518
"2021 Toyota, Camry ,XSE"," $36,578",MU607123
"2021 Toyota, Tundra ,1794 Edition CrewMax 5.5' Bed 5.7L",,MX041964
"2021 Toyota, C-HR ,LE",,MR132379
"2021 Toyota, 4Runner ,Venture",,M5959565
"2021 Toyota, Rav4 Hybrid ,xle",,MD119993
"2021 Toyota, Tundra ,TRD Pro CrewMax 5.5' Bed 5.7L",,MX041661
"2021 Toyota, Tacoma ,SR Double Cab 5' Bed V6 AT",,MM450016
"2021 Toyota, Sienna ,XLE",,MS071506
"2021 Toyota, 4Runner ,Nightshade",,M5963297
"2021 Toyota, 4Runner ,Nightshade",,M5963238
"2021 Toyota, 4Runner ,Limited",,M5960266
"2021 Toyota, Avalon ,Hybrid Limited",,MU010378
"2021 Toyota, Highlander ,Hybrid Limited",,MS066237
"2021 Toyota, Tundra ,1794 Edition CrewMax 5.5' Bed 5.7L",,MX039046
"2021 Toyota, 4Runner ,Venture",,M5959521
"2021 Toyota, Tacoma ,TRD Off Road Double Cab 5' Bed V6 AT",,MM442000
"2021 Toyota, Highlander ,Platinum",,MS149286
"2021 Toyota, Tacoma ,TRD Off Road Double Cab 6' Bed V6 AT",,MM117779
"2021 Toyota, Highlander ,Platinum",,MS151545
"2021 Toyota, Highlander ,XSE",,MS148103
"2021 Toyota, Sienna ,XLE",,MS038471
"2021 Toyota, 4Runner ,Nightshade",,M5961561
"2021 Toyota, Tacoma ,TRD Off Road Double Cab 5' Bed V6 AT",,MM448732
"2021 Toyota, 4Runner ,TRD Off Road Premium",,M5966053
"2021 Toyota, Sienna ,LE",,MS071159
"2021 Toyota, 4Runner ,SR5 Premium",,M5964469
"2021 Toyota, Highlander ,Hybrid Limited",,MS066699
"2021 Toyota, Highlander ,XLE",,MS153068
"2021 Toyota, 4Runner ,Limited",,M5245086
"2021 Toyota, 4Runner ,Nightshade",,M5965378
"2021 Toyota, Rav4 Hybrid ,xle",,MU031862
"2021 Toyota, Tacoma ,TRD Off Road Double Cab 5' Bed V6 MT",,MT048179
"2021 Toyota, Tacoma ,SR5 Double Cab 5' Bed V6 AT",,MT047569
"2021 Toyota, Tacoma ,TRD Off Road Double Cab 5' Bed V6 AT",,MT048448
"2021 Toyota, Tacoma ,TRD Off Road Double Cab 5' Bed V6 AT",,MM443635
"2021 Toyota, Tacoma ,Limited Double Cab 5' Bed V6 AT",,MM447617
"2021 Toyota, Rav4 Hybrid ,xle premium",,MU050890
"2021 Toyota, Venza ,LE",,MJ065350
"2021 Toyota, Tundra ,SR Double Cab 8.1' Bed 5.7L",,MX012200
